Temática Geral,Citações
ABOLICIONISMO,1
ASSOCIATIVISMO,2
CIDADANIA,2
CULTURA_POLÍTICA,2
DITADURA_MILITAR,4
EDUCAÇÃO,10
ELEIÇÕES,5
ERA_VARGAS,4
FOTOGRAFIA,1
HISTÓRIA _DA_CIÊNCIA,1
HISTÓRIA _DA_HOTELARIA,1
HISTÓRIA _DA_TECNOLOGIA,1
HISTÓRIA _DE_EMPRESAS,2
HISTÓRIA _DO_CINEMA,2
HISTÓRIA _DO_FUTEBOL,1
HISTÓRIA _DO_LIVRO_E_DA_LITERATURA,3
HISTÓRIA _DO_MERCADO_DE_CRÉDITO,2
HISTÓRIA _DO_TEATRO,1
HISTÓRIA _DO_TURISMO,1
HISTÓRIA _DOS_CONCEITOS,3
HISTÓRIA_DA_IMPRENSA,21
HISTÓRIA_TRANSNACIONAL,1
IMIGRAÇÃO,4
INTELECTUALIDADE,6
MEMÓRIA,22
MOVIMENTOS_NEGROS,4
MULHER,4
MÚSICA,2
RELIGIÃO,3
SAÚDE,4
URBANISMO,3
